{
  "metrics": {
    "retrieval": {
      "precision_at": {
        "1": 0.95,
        "5": 0.9496,
        "20": 0.866,
        "10": 0.9278000000000003
      },
      "recall_at": {
        "1": 0.03710627569898085,
        "5": 0.18542611533700934,
        "10": 0.33612546986173186,
        "20": 0.5424092264831446
      },
      "mrr": 0.95,
      "ndcg_at": {
        "20": 0.9475288397274123,
        "5": 0.9497375898449754,
        "10": 0.9487416316717732,
        "1": 0.95
      },
      "map": 0.7895134971259068,
      "query_count": 500
    },
    "topic_separation": {
      "intra_topic_similarity": 0.228300926375514,
      "inter_topic_similarity": 0.0007589845868466751,
      "separation_ratio": 10.0,
      "silhouette_score": 0.19650442403479812,
      "boundary_f1": 1.0,
      "num_topics": 50,
      "num_pairs_evaluated": 10091,
      "intra_distribution": [
        0.228300926375514,
        0.027609914160614136
      ],
      "inter_distribution": [
        0.0007589845868466751,
        0.031245238119571462
      ]
    },
    "noise_robustness": {
      "mrr_degradation": [
        [
          0.0,
          0.95
        ],
        [
          0.1,
          0.95
        ],
        [
          0.2,
          0.95
        ],
        [
          0.3,
          0.95
        ]
      ],
      "precision_degradation": [],
      "robustness_threshold": null,
      "avg_relative_degradation": 0.0,
      "meets_robustness_target": true
    },
    "domain_coverage": {
      "per_domain_metrics": {
        "Documentation": {
          "precision_at": {
            "1": 1.0,
            "10": 0.9689189189189189,
            "20": 0.8695945945945945,
            "5": 1.0
          },
          "recall_at": {
            "10": 0.437197716899714,
            "1": 0.048378448223647924,
            "5": 0.24189224111823965,
            "20": 0.6746125284244172
          },
          "mrr": 1.0,
          "ndcg_at": {
            "5": 1.0,
            "10": 0.9991046726560218,
            "1": 1.0,
            "20": 0.9981698283979128
          },
          "map": 0.8609801250890431,
          "query_count": 74
        },
        "DataScience": {
          "precision_at": {
            "1": 1.0,
            "5": 1.0,
            "20": 0.9146017699115042,
            "10": 0.975221238938053
          },
          "recall_at": {
            "1": 0.03909767747070335,
            "10": 0.3517858771090562,
            "5": 0.19548838735351662,
            "20": 0.5661207096874219
          },
          "mrr": 1.0,
          "ndcg_at": {
            "10": 1.0,
            "1": 1.0,
            "20": 0.9996562099318298,
            "5": 1.0
          },
          "map": 0.8371385801399236,
          "query_count": 113
        },
        "Infrastructure": {
          "precision_at": {
            "5": 0.9984848484848485,
            "10": 0.9818181818181818,
            "1": 1.0,
            "20": 0.943560606060606
          },
          "recall_at": {
            "10": 0.2928010552703119,
            "20": 0.5039644480030177,
            "1": 0.0324698981905081,
            "5": 0.16195076686960566
          },
          "mrr": 1.0,
          "ndcg_at": {
            "1": 1.0,
            "20": 0.9959215369973474,
            "5": 0.9990060221400581,
            "10": 0.9977712690520291
          },
          "map": 0.8363699289320851,
          "query_count": 132
        },
        "General": {
          "precision_at": {
            "5": 0.7222222222222222,
            "20": 0.6283333333333333,
            "10": 0.7011111111111111,
            "1": 0.7222222222222222
          },
          "recall_at": {
            "20": 0.4451206998402623,
            "10": 0.29967350737384596,
            "1": 0.0332521831888837,
            "5": 0.16626091594441855
          },
          "mrr": 0.7222222222222222,
          "ndcg_at": {
            "5": 0.7222222222222222,
            "10": 0.7222222222222222,
            "1": 0.7222222222222222,
            "20": 0.721671222967875
          },
          "map": 0.5810621950878737,
          "query_count": 90
        },
        "Code": {
          "precision_at": {
            "20": 0.9252747252747251,
            "10": 0.9813186813186812,
            "1": 1.0,
            "5": 1.0
          },
          "recall_at": {
            "1": 0.03600408877587241,
            "10": 0.3333840088751246,
            "20": 0.5574447892468586,
            "5": 0.18002044387936209
          },
          "mrr": 1.0,
          "ndcg_at": {
            "5": 1.0,
            "20": 0.9947983284528051,
            "1": 1.0,
            "10": 0.9970468411480562
          },
          "map": 0.8104519953143873,
          "query_count": 91
        }
      },
      "mrr_variance": 0.01234567901234568,
      "worst_domain": "General",
      "best_domain": "Code",
      "all_domains_pass": true
    },
    "composite": {
      "overall_score": 0.8789385711989979,
      "retrieval_score": 0.7907296937997876,
      "separation_score": 0.8995630530043498,
      "robustness_score": 1.0,
      "coverage_score": 0.9277777777777778,
      "all_targets_met": true,
      "targets_met_count": 4,
      "targets_total": 4
    }
  },
  "ablation": {
    "e1_only_mrr": 0.0,
    "e1_e5_mrr": null,
    "e1_e7_mrr": null,
    "e1_all_semantic_mrr": null,
    "full_multispace_mrr": null,
    "e1_is_best_foundation": true,
    "enhancements": {}
  },
  "per_query_type": {
    "OffTopic": {
      "precision_at": {
        "1": 0.0,
        "5": 0.0,
        "10": 0.0,
        "20": 0.0
      },
      "recall_at": {
        "10": 0.0,
        "1": 0.0,
        "20": 0.0,
        "5": 0.0
      },
      "mrr": 0.0,
      "ndcg_at": {
        "1": 0.0,
        "5": 0.0,
        "20": 0.0,
        "10": 0.0
      },
      "map": 0.0,
      "query_count": 25
    },
    "SameTopic": {
      "precision_at": {
        "20": 0.9384615384615387,
        "5": 1.0,
        "1": 1.0,
        "10": 0.9852307692307694
      },
      "recall_at": {
        "5": 0.2019235377176552,
        "20": 0.6597761040052053,
        "10": 0.3792316908199258,
        "1": 0.04038470754353099
      },
      "mrr": 1.0,
      "ndcg_at": {
        "5": 1.0,
        "1": 1.0,
        "10": 1.0,
        "20": 1.0
      },
      "map": 1.0,
      "query_count": 325
    },
    "RelatedTopic": {
      "precision_at": {
        "10": 1.0,
        "20": 1.0,
        "5": 1.0,
        "1": 1.0
      },
      "recall_at": {
        "1": 0.0042126458205990975,
        "10": 0.04212645820599098,
        "20": 0.08425291641198196,
        "5": 0.02106322910299549
      },
      "mrr": 1.0,
      "ndcg_at": {
        "5": 1.0,
        "10": 1.0,
        "1": 1.0,
        "20": 1.0
      },
      "map": 0.21063229102995476,
      "query_count": 100
    },
    "CrossDomain": {
      "precision_at": {
        "20": 0.56,
        "1": 1.0,
        "5": 0.996,
        "10": 0.8740000000000001
      },
      "recall_at": {
        "10": 0.811995791875823,
        "5": 0.4996316999993472,
        "1": 0.1001368663156589,
        "20": 0.9670417559736444
      },
      "mrr": 1.0,
      "ndcg_at": {
        "10": 0.9874163167177313,
        "1": 1.0,
        "20": 0.9752883972741233,
        "5": 0.9973758984497532
      },
      "map": 0.9738703891991628,
      "query_count": 50
    }
  },
  "timings": {
    "total_ms": 7107,
    "retrieval_ms": 842,
    "separation_ms": 2061,
    "noise_robustness_ms": 2523,
    "domain_analysis_ms": 839,
    "ablation_ms": 0
  },
  "config": {
    "k_values": [
      1,
      5,
      10,
      20
    ],
    "noise_levels": [
      0.0,
      0.1,
      0.2,
      0.3
    ],
    "run_ablation": true,
    "run_domain_analysis": true,
    "num_separation_pairs": 5000,
    "seed": 42,
    "show_progress": true
  },
  "dataset_stats": {
    "num_documents": 1206,
    "num_queries": 500,
    "num_topics": 50,
    "num_domains": 5,
    "num_docs_with_embeddings": 1206,