{
  "e6_mrr_at_10": 0.6844214029697901,
  "e1_mrr_at_10": 0.6922427035330262,
  "e13_mrr_at_10": 0.6746543778801845,
  "e6_vs_e1_delta": -0.007821300563236044,
  "e6_vs_e13_delta": 0.009767025089605696,
  "avg_active_terms": 234.6,
  "sparsity_ratio": 0.9923137409081974,
  "query_count": 93,
  "corpus_size": 5000,
  "per_topic_mrr": {
    "amphibian": 1.0,
    "alberta": 1.0,
    "list": 0.0,
    "asparagales": 1.0,
    "answer": 1.0,
    "animation": 1.0,
    "asteroids": 1.0,
    "anatomy": 1.0,
    "achilles": 0.0,
    "algorithm": 1.0,
    "animal": 0.75,
    "atlas": 0.5,
    "aruba": 1.0,
    "andre": 1.0,
    "afghanistan": 0.7333333333333334,
    "annual": 1.0,
    "apollo": 0.0,
    "albert": 0.1111111111111111,
    "american": 0.5208333333333334,
    "alkali": 0.7000000000000001,
    "android": 1.0,
    "art": 1.0,
    "ascii": 0.5,
    "agnostida": 1.0,
    "austrian": 1.0,
    "atlantic": 0.75,
    "azerbaijan": 1.0,
    "aldous": 1.0,
    "altruism": 0.3333333333333333,
    "agriculture": 1.0,
    "angola": 0.14285714285714285,
    "albedo": 1.0,
    "assistive": 1.0,
    "bitumen": 1.0,
    "academy": 1.0,
    "aristotle": 0.5,
    "anarchism": 1.0,
    "asteroid": 1.0,
    "abortion": 1.0,
    "amateur": 1.0,
    "alfred": 0.0,
    "anthropology": 1.0,
    "austroasiatic": 1.0,
    "alaska": 0.8333333333333333,
    "albania": 1.0,
    "ayn": 0.20833333333333331,
    "alexander": 0.020833333333333332,
    "alchemy": 0.5,
    "amsterdam": 1.0,
    "attila": 1.0,
    "anatolia": 1.0,
    "andorra": 1.0
  },
  "timings": {
    "data_load_ms": 9,
    "embedding_ms": 3863299,
    "evaluation_ms": 3687,
    "total_ms": 3867000
  }
}